施設名,郵便番号,住所,電話番号,ウェブサイトURL,産科、婦人科又は産婦人科の標榜の有無,医療機関における緊急避妊にかかる対面診療への対応可能時間帯,常時の緊急避妊薬の在庫の有無,都道府県,市町村,緯度,経度
医療法人社団 正岡病院,730-0852,広島県広島市中区猫屋町４番６号,082-291-3366,https://www.masaoka-hp.com,有,"月・水・金・土8:30-12:30,14:00-17:00/火8:30-
12:30,14:00-18:00
日曜日・祝日も含めて診療時間外でも対応可能ですが，別途
時間外料金をいただいております",有,広島県,広島市中区,34.394981,132.448441
医療法人あかね会 土谷総合病院,730-8655,広島県広島市中区中島町３－３０,082-243-9191,http://www.tsuchiya-hp.jp,有,平日9:00-17:00,有,広島県,広島,34.390396,132.451721
医療法人社団 井原クリニック,730-0011,"広島県広島市中区基町６番２７号 アクア
広島センター街９階",082-225-3360,http://www.ihara-clinic.jp,有,"月・水・金10:00-13:00,14:30-18:00/木10:00-11:30,14:30-
18:00/土10:00-13:00,14:30-17:00 火曜休診",有,広島県,広島市中区,34.395569,132.457184
医療法人 河野産婦人科クリニック,730-0031,広島県広島市中区紙屋町２丁目２番２５号,082-242-1505,,有,"平日9:00-13:00,15:00-18:00/土曜9:00-12:00,13:00-15:00",有,広島県,広島市中区,34.394276,132.456039
医療法人社団 山岡産婦人科,730-0814,広島県広島市中区羽衣町１６番４３号,082-240-1103,,有,"平日10:00-13:00,15:00-18:00/木10:00-13:00/土10:00-
15:00",有,広島県,広島市中区,34.377354,132.449539
こうレディスクリニック,730-0043,広島県広島市中区富士見町１２－１７,082-542-0770,,有,"平日9:00-18:00,土9:00-17:30",有,広島県,広島市中区,34.386471,132.460846
"医療法人 婦人科・内科小松クリニッ
ク",730-0017,"広島県広島市中区鉄砲町１０－１８ 八丁
堀栗村ビル７Ｆ",082-227-3777,http://www.komatu.org/,有,"月・火・木・金9:30-12:30,14:30-18:00/水9:30-12:30/土
9:30-12:00",有,広島県,広島市中区,34.394211,132.463791
産婦人科 長尾クリニック,730-0016,広島県広島市中区幟町１４番１１号 ３Ｆ,082-502-7002,http://www.nagao-clinic.gr.jp,有,10:00-14:00 日・祝休診,有,広島県,広島市中区,34.393433,132.466537
木山産婦人科クリニック,730-0036,"広島県広島市中区袋町４－３ 滝口ビル３
階",082-544-3155,http://kiyama-c.com/,有,"月・火・水・金9:00-13:00,14:30-18:00/木9:00-13:00/土
9:00-12:30,14:00-17:00",有,広島県,広島市中区,34.392139,132.458237
"医療法人社団はつき会 井槌産婦人
科",730-0017,広島県広島市中区鉄砲町９番２４号,082-221-1684,http://www.izuchi-clinic.jp,有,"平日（月・火・木・金）10:00-18:30/土曜10:00-17:00/月１
回第１日曜日10:00-13:00（変更あり・要確認）",有,広島県,広島市中区,34.394791,132.465012
医療法人 中川産科婦人科医院,730-0802,広島県広島市中区本川町二丁目１番１６号,082-231-2832,http://www.nakagawa.or.jp,有,"月～金9:00-12:30,15:00-17:30
土9:00-12:30,14:30-17:00",有,広島県,広島市中区,34.397518,132.451767
さだもりレディースクリニック,730-0051,"広島県広島市中区大手町２丁目７番２号
Ｂａｌｃｏｍ大手町ビル ４Ｆ",082-242-1132,http://www.sadalc.cc,有,"月・火・木・金10:00-13:00,15:00-17:30/水・土10:00-
12:00 初診は診療終了の30分前迄の受付が必要。土曜日は
事前予約した方のみの完全予約制",有,広島県,広島市中区,34.392403,132.456451
"医療法人社団 女性クリニック ラ
ポール",730-0051,広島県広島市中区大手町５丁目 ３－１,082-241-6009,"http://www.women-rapport-
clinic.com",有,"月・木9:00-13:00,15:00-19:30/火・金・土9:00-
13:00,15:00-18:00 水・日曜・祝日休診",有,広島県,広島市中区,34.384727,132.451523
"医療法人社団 明樟会 広島女性ク
リニック",730-0029,"広島県広島市中区三川町１－２０ ピンクリ
ボン３９ビル４Ｆ",082-249-3900,"http://www.hiroshimabreastcenter.c
o.jp/fujin/",有,"月9:00-12:00,15:00-18:00/火・水9:00-13:00,15:00-18:00/
金9:00-13:00/土9:00-11:00",有,広島県,広島市中区,34.390705,132.462738
"医療法人社団秋月会 広島中央通り
香月産婦人科",730-0029,"広島県広島市中区三川町７－１香月メディ
カルビル６F",082-546-2556,https://www.katsuki-medical.com/,有,"月・火・木・金8:30-18:30/水・土9:00-12:00,14:00-17:00",有,広島県,広島市中区,34.389839,132.462143
ＪＲ広島病院,732-0057,広島県広島市東区二葉の里３－１－３６,082-262-1171,,有,"平日9:00-11:30,13:00-15:00",無（院外処方のみ対応）,広島県,広島市東区,34.401321,132.477203
"医療法人社団 日の浦会 佐々木産
婦人科",732-0009,広島県広島市東区戸坂千足２丁目９－２５,082-229-4008,https://www.sasaki-lcl.com,有,"月・火・水・金9:00-13:00,15:00-18:00/木・土9:00-13:00",有,広島県,広島市東区,34.437042,132.485992
医療法人松本クリニック,732-0823,"広島県広島市南区猿猴橋町２－１１ 駅前
クリニックビル５Ｆ",082-264-7711,"http://matsumotowomens-
clinic.webmedipr.jp/",有,"月・火・水・金・土9:30-12:30,14:30-16:00",有,広島県,広島市南区,34.395363,132.475998
澤崎産婦人科,732-0824,広島県広島市南区的場町二丁目２－１５,082-261-2168,http://sawasaki-sanfujinka.com/,有,"月・火・水・金9:00-12:30,15:00-18:00/木9:00-12:30/土
9:00-12:30,15:00-17:00",有,広島県,広島市南区,34.392475,132.474564
新甲さなえ女性クリニック,732-0814,"広島県広島市南区段原南１－３－５３
イーストビル ２階",082-568-2234,http://www.sanae-clinic.com,有,"月・火・水・金10:00-13:00,15:00-18:00/土10:00-15:00",有,広島県,広島市南区,34.385925,132.475906
母と子のまきクリニック,732-0828,"広島県広島市南区京橋町２－２４ ロイヤ
ルエイト広島駅前３Ｆ",082-264-1105,https://www.motherandfetusmc.com,有,"月・火・木・金・土9:30-12:30,13:30-18:00",有,広島県,広島市南区,34.395546,132.472244
医療法人社団 鈴峰今中医院,733-0842,広島県広島市西区井口４－２－３１,082-277-1223,http://www.kawamura.gr.jp,有,"月・火・水・金9:00-12:00,15:00-18:00/ 木・土9:00-12:00",有,広島県,広島市西区,34.368992,132.374573
松尾産婦人科内科医院,733-0003,広島県広島市西区三篠町１－５－７,082-237-1506,http://www.ccv.ne.jp/home/pinetree,有,"月・火・水・金9:00-12:30,15:30-19:00/木・土9:00-12:30",有,広島県,広島市西区,34.41156,132.452881
医療法人社団秋月会 香月産婦人科,733-0812,"広島県広島市西区己斐本町２丁目１４番２
４号",082-272-5588,http://www.katsuki-clinic.com,有,"月・火・水・金8:00-11:00,14:00-16:00/木8:00-11:00/土
8:00-11:45 （新規の患者様は受付時間15分前までの受付と
させていただきます）",有,広島県,広島市西区,34.393341,132.426041
"医療法人社団昭信会 頼島産婦人科
病院",731-0113,"広島県広島市安佐南区西原５丁目１１－１
８",082-874-0523,http://www.yorishima-hospital.jp/,有,"月・水・金8:30-12:00,14:30-17:30/火・木・土8:30-12:00",有,広島県,広島市安佐南区,34.442554,132.468765
"広島医療生活協同組合 広島共立病
院",731-0121,"広島県広島市安佐南区中須二丁目２０－２
０",082-879-1111,http://www.hiroshimairyo.or.jp/,有,"月・火・木8:30-16:00/水・金・土（奇数週のみ）8:30-
11:30",無,広島県,広島市安佐南区,34.460533,132.475372
舛本産婦人科医院,731-0141,広島県広島市安佐南区相田２－７－２２,082-878-1111,www.masumoto-ladys-clinic.jp,有,"（午前）月～土 9:00－12:30/
（午後）月・水・金15:00－17:30",有,広島県,広島市安佐南区,34.472721,132.450409
緑井レディースクリニック,731-0103,"広島県広島市安佐南区緑井一丁目５－１
緑井スカイステージ３F３０２号",082-831-2300,http://www.midorii-clinic.jp,有,"月・火・水・金9:30-13:00,14:30-17:30/土9:30-
12:00,13:00-14:30",有,広島県,広島市安佐南区,34.46632,132.476212
井上産婦人科クリニック,731-3167,"広島県広島市安佐南区大塚西３－１１－３
６",082-848-7010,,有,"平日9:00-12:30,15:00-18:00（木曜以外）/土曜9:00-12:30
木曜・日曜休診",有,広島県,広島市安佐南区,34.442833,132.401382
すみれ産婦人科クリニック,731-0103,"広島県広島市安佐南区緑井五丁目２９－１
８",082-831-0160,www.sumire-wcl.com,有,"診療時間内に対応 月・火・木・金9:00-12:30,14:00-
18:00/水9:00-12:30/土9:00-13:00",有,広島県,広島市安佐南区,34.467442,132.477737
やすクリニック,731-0154,広島県広島市安佐南区上安一丁目１－１８,082-878-7101,www.yasuclinic.com,有,"月・火・水・金9:00-12:00,14:30-16:30/木・土9:00-12:00
（臨時休診の場合あり）",有,広島県,広島市安佐南区,34.474167,132.451218
"ぎおん皮膚科婦人科スキンケアクリ
ニック",731-0138,"広島県広島市安佐南区祇園５丁目２－４５
２０２",082-832-4112,http://www.gion-cl.com,有,"月・火・木・金9:00-12:00,15:00-18:00/水・土9:00-12:00",有,広島県,広島市安佐南区,34.447208,132.46048
"医療法人 紹応会 河田産婦人科医
院",731-5135,"広島県広島市佐伯区海老園一丁目２番１３
号",082-921-3501,http://kawata-obgy.com/,有,"平日（月・火・水・金）9:00-12:00,15:00-17:30/土曜日
9:00-12:00,15:00-17:00",有,広島県,広島市佐伯区,34.365211,132.356506
さくらウィメンズクリニック,731-5125,"広島県広島市佐伯区五日市駅前一丁目５
－１８－４０２",082-943-5512,https://www.sakurawc.com,有,"月・火・木・金9:00-12:30,14:30-18:00/水9:00-12:30/土
9:00-14:00",有,広島県,広島市佐伯区,34.367748,132.367996
"医療法人 双藤会 産科・婦人科 藤
東クリニック",735-0029,広島県安芸郡府中町茂陰一丁目１番１号,082-284-2410,https://fujito.clinic,有,"平日（月・火・水・金）9:00-12:30，15:00-17:30/木曜
9:00-12:30/土曜9:00-12:30,15:00-17:00",有,広島県,安芸郡府中町,34.389473,132.502853
医療法人 津田産婦人科クリニック,736-0032,広島県安芸郡海田町南幸町９－４３,082-821-0303,http://www.tsuda-sanfujinka.jp,有,"平日（月・火・水・金）9:00-12:30,15:00-17:30/木・土
9:00-12:30",有,広島県,安芸郡海田町,34.363708,132.539566
医療法人豊田レディースクリニック,731-4223,広島県安芸郡熊野町川角四丁目３０番１号,082-855-1913,www.toyota-lc.jp,有,"月・火・水・金・土9:00-12:00,14:00-17:00",有,広島県,安芸郡熊野町,34.323914,132.573395
レディースクリニックとよしま医院,739-0612,広島県大竹市油見三丁目１９－６,0827-53-7789,,有,"月・火・水・金9:00-12:30,14:00-18:00/木・土9:00-12:30",有,広島県,大竹市,34.220398,132.220566
"医療法人社団 江川レディースクリ
ニック",738-0015,広島県廿日市市本町５－１８,0829-31-0461,http://www.egawa.or.jp/,有,"月・火・水・金・土9:00-13:00,15:00-17:00",有,広島県,廿日市市,34.351494,132.334259
ひさまつ産婦人科医院,738-0034,広島県廿日市市宮内１４４８番地１,0829-39-1131,http://hisamatsu.or.jp/,有,"平日 9:00-12:00,14:00-17:30/土曜 9:00-12:30",有,広島県,廿日市市,34.350082,132.308914
青葉レディスクリニック,739-0401,広島県廿日市市福面２－１－１１,0829-50-2327,,有,"月・火・水・金9:00-12:00,14:00-18:00/木・土9:00-12:00",有,広島県,廿日市市,34.319099,132.298035
かとうレディースクリニック,738-0054,広島県廿日市市阿品３丁目１－６,0829-36-0135,www.kato-lc.jp/,有,"月・火・木・金9:00-12:30,14:30-18:00/水・土9:00-12:30",有,広島県,廿日市市,34.323738,132.318344
玉木産婦人科医院,737-0125,広島県呉市広本町３－２２－２６,0823-71-2248,,有,"9:00-12:00,14:30-18:00 ※水曜，土曜は午前のみ",有,広島県,呉市,34.237793,132.624817
末光産婦人科,737-0032,広島県呉市本町３－４,0823-21-1087,,有,平日8:00-18:00,有,広島県,呉市,34.24543,132.568024
田中産婦人科クリニック,737-0051,広島県呉市中央１丁目５－２８,0823-22-1321,,有,"平日8:30-12:00,14:00-18:30/土8:30-12:00",有,広島県,呉市,34.24472,132.560501
"木岡産婦人科・きおか皮ふ科クリニッ
ク",737-0935,"広島県呉市焼山中央２丁目５番７号クリ
ニックモールリフレ２Ｆ",0823-30-5711,http://www.kioka-clinic.net/,有,"平日（月・火・水・金）9:00-12:30,14:30-18:00/木・土
9:00-12:30",有,広島県,呉市,34.296101,132.557114
"医療法人社団 産婦人科小児科松田
医院",737-0046,広島県呉市中通２丁目４番１１号,0823-22-2253,,有,"月・火・水・金・土9:00-12:00,13:30-17:00/木9:00-12:00",有,広島県,呉市,34.245342,132.563919
笠岡レディースクリニック,737-0811,広島県呉市西中央１－３－９ ５Ｆ,0823-23-2828,https://kasaoka-clinic.jp,有,"月・火・水・金8:30-12:30,15:30-18:30/木8:30-12:00/土
8:30-12:00,14:00-16:00",有,広島県,呉市,34.24659,132.555954
さわさき婦人科・産科,737-0046,"広島県呉市中通１－３－１４ オールファー
マシウータウン３Ｆ",0823-21-2211,https://www.sawa0510.com/,有,"平日（木以外）8:30-12:00,13:30-17:00/平日（木）8:30-
12:00/土8:30-12:00",有,広島県,呉市,34.244072,132.562622
医療法人社団 樹章会 本永病院,739-0016,広島県東広島市西条岡町８－１３,082-423-2666,https://www.motonaga.or.jp/,有,月・火・水・金・土8:30-12:00,有,広島県,東広島市,34.428745,132.741974
医療法人社団 松田医院,739-0141,広島県東広島市八本松町飯田１０１,082-428-0019,"https://itp.ne.jp/info/340695722400
000899/",有,"月・火・水・金9:30-12:00,15:00-18:00/木・土9:30-
12:00(午後不可），日・祝は不可",有,広島県,東広島市,34.439552,132.679596
"医療法人大和会 西条ときわクリニッ
ク",739-0025,広島県東広島市西条中央５丁目４－１,082-493-5121,https://fdoc.jp/,有,"月～金（木曜除く）9:00-12:00.14:30-17:00（要予約，電話
にて問い合わせてください）/土8:00-11:30（人数制限あ
り）",有,広島県,東広島市,34.415569,132.741547
松林レディースクリニック,739-0024,"広島県東広島市西条町御薗宇４２８１－１
東広島クリニックビル３F",082-493-8600,http://www.matsubayashi-lc.com/,有,平日15:00-18:00/土曜日15:00-17:00,有,広島県,東広島市,34.406517,132.750931
いまじょうクリニック,739-2105,広島県東広島市高屋町檜山７９－１,082-426-6830,http://www.imajo-cl.com/,有,"月・火・水・金9:00-12:00,15:00-18:00/土9:00-
12:00,15:00-17:00 木・日曜休診",有,広島県,東広島市,34.439186,132.764359
総合病院三原赤十字病院,723-8512,広島県三原市東町二丁目７番１号,0848-64-8111,http://mihara.jrc.or.jp/,有,"平日(月～金) 8：30-16：00 ※変更の場合もありますので
事前に電話確認をお願いします。",有,広島県,三原市,34.402679,133.089722
社会医療法人里仁会 興生総合病院,723-8686,広島県三原市円一町２丁目５－１,0848-63-5500,http://kohsei-hp.jp,有,"月・水・金・土9:00-12:00,14:00-17:00/火・木9:00-12:00/
日9:00-12:00",有,広島県,三原市,34.392532,133.077255
柴田産婦人科皮膚科,723-0014,広島県三原市城町一丁目１９－１０,0848-62-2525,,有,"平日・土曜9:00-13:00（予約）
午後（平日）予約",有,広島県,三原市,34.398911,133.084488
堀田レディースクリニック,722-0024,広島県尾道市西則末町９－１６,0848-22-8844,http://www.bbbn.jp/-hlc/hlc7.htm,有,"平日10:00-12:30,15:00-18:00",有,広島県,尾道市,34.420986,133.187027
公立世羅中央病院,722-1112,広島県世羅郡世羅町本郷９１８番地３,0847-22-1127,http://www.serachuo-hp.jp,有,"平日9:00-12:00(受付8:30-11:30),13:30-17:00(受付13:30-
16:00)/土・日・祝は対応不可",無,広島県,世羅郡世羅町,34.585838,133.045853
松岡病院,720-0045,広島県福山市宝町５－３２,084-923-0385,http://www.matsuoka.or.jp,有,"平日9:00-12:30,15:00-18:00/木曜9:00-12:30",有,広島県,福山市,34.489876,133.366241
医療法人秀明会 小池病院,720-0807,広島県福山市明治町１０―５,084-932-3511,http://www.koike-byoin.com,有,"月・水・金・土9:00-12:30,15:00-18:00/火・木9:00-12:30",有,広島県,福山市,34.482803,133.368744
西福山病院,729-0104,広島県福山市松永町３４０－１,084-933-2110,http://nishifuk.or.jp/,有,"平日9:00-12:30,14:00-18:00/土9:00-13:00（夜間・日・祝
日は対応なし）※来院前に電話確認要",有,広島県,福山市,34.451309,133.259186
沼隈病院,720-0402,広島県福山市沼隈町中山南４６９－３,084-988-1888,http://shounankai.or.jp/,有,"月・水・金
9:30-12:30,14:30-17:00",有,広島県,福山市,34.409191,133.340179
医療法人社団 白河産婦人科,720-0033,広島県福山市旭町８－３,084-922-2235,http://shirakawa-clinic.jp/,有,"9:00-12:30,15:30-17:45 ※木曜日は午後休診 ※日・祝
日・年末年始は休診",有,広島県,福山市,34.490334,133.374832
かねもり婦人科クリニック,720-0077,広島県福山市南本庄３－２－６,084-923-0882,http://www.kanemori-clinic.jp/,有,"月・火・水・金9:30-13：00，15：30-18:30/日9:30-12:00
（ただし日曜日は休診の場合あり，事前にお問い合わせくだ
さい）/木・祝休診",有,広島県,福山市,34.484509,133.354523
"医療法人 マイビー まつなが産科婦
人科",720-0031,広島県福山市三吉町３丁目３番２３号,084-923-0145,http://www.mybee.or.jp,有,"月・火・金8:45-11:30,14:30-17:40/水・土8:45-11:30/木
8:45-11:30,14:30-16:40",有,広島県,福山市,34.492661,133.375626
"医療法人社団 幸の鳥レディスクリ
ニック",721-0907,広島県福山市春日町一丁目７－１４,084-940-1717,http://www.kohnotori.com,有,"月・火・水・金・土9:00-12:00,14:30-18:00",有,広島県,福山市,34.506813,133.401489
重政レディスクリニック,720-0825,広島県福山市沖野上町五丁目６－２３,084-922-5888,https://shigemasa-clinic.fmed.jp/,有,"月・火・水・金9:00-12:30,15:00-18:30/木・土9:00-12:30",有,広島県,福山市,34.473412,133.36467
"よしだレディースクリニック内科・小児
科",721-0955,広島県福山市新涯町３丁目１９－３６,084-954-0341,www.yoshida-ladies.net,有,"月・火・水・金9:00-12:30,15:00-18:00/木・土9:00-12:30",有,広島県,福山市,34.460827,133.391495
おおもとウィメンズクリニック,720-0832,広島県福山市水呑町４４４７番地,084-920-5155,http://ohwc.jp,有,"平日9:00-12:30,15:00-18:30（水は午後休診）/土9:00-
12:30,14:00-17:30 /日休診",有,広島県,福山市,34.445568,133.387192
府中市民病院,726-8501,広島県府中市鵜飼町５５５番地３,0847-45-3300,http://shimin.fuchuhp.jp/,有,平日 午前8:30-11:30 14:00-15:45,有,広島県,府中市,34.569576,133.248001
堀川レディースクリニック,728-0011,広島県三次市十日市西一丁目６－９,0824-63-9412,,有,"月・火・水・金8:30-12:00,14:00-17:30/木8:30-12:00/土
8:30-12:00,14:00-17:00(第３土曜休診〉","有（ノルレボは取り寄せ，プラ
ノバールを主に使用）",広島県,三次市,34.801979,132.848129
谷岡産科・婦人科,728-0021,広島県三次市三次町１７７８－３,0824-62-2813,,有,"月・火・水・金8:45-12:00,14:00-17:00/木・土8:45-12:00
（第５土曜は除く）",有,広島県,三次市,34.812286,132.843765
総合病院 庄原赤十字病院,727-0013,広島県庄原市西本町二丁目７番１０号,0824-72-3111,http://www.shobara.jrc.or.jp/,有,月・水・金 8:15～12:00,有,広島県,庄原市,34.858879,133.011169
